actual_price,predicted_price,error
26790,28016.69892544678,1226.6989254467808
19721,19570.530911125916,-150.46908887408426
22990,27150.9680612179,4160.9680612179
18499,21313.64271825396,2814.642718253959
14000,13695.677736111109,-304.32226388889103
33980,34787.08598358586,807.0859835858573
21298,17570.300021184237,-3727.6999788157627
22998,24254.692030887538,1256.6920308875378
16995,14377.493315476191,-2617.506684523809
19888,18497.386359320626,-1390.613640679374
17750,17991.76104110704,241.76104110703818
12499,13029.641109126986,530.6411091269856
31980,33621.62912538278,1641.6291253827803
29995,31481.610162760797,1486.6101627607968
11520,11941.75168235931,421.7516823593105
14050,14529.839620573875,479.83962057387544
27888,27036.209932314778,-851.7900676852223
10995,13447.5371547619,2452.5371547618997
29990,27933.142083989154,-2056.8579160108457
19800,18630.869648809534,-1169.1303511904662
27999,28920.93476208514,921.9347620851404
23872,21843.701474386722,-2028.298525613278
13515,11475.542578643577,-2039.4574213564229
13995,14686.673105158725,691.6731051587249
14800,15020.591801344179,220.59180134417875
15450,16351.70171807359,901.7017180735893
26589,27023.218872432302,434.2188724323023
18494,19156.099127363723,662.0991273637228
12995,11826.686664502162,-1168.3133354978381
23290,25724.786473484844,2434.7864734848445
14995,15768.526496149389,773.5264961493885
12579,13388.06018849206,809.0601884920598
29960,27907.401592032813,-2052.598407967187
27991,28372.182769689298,381.18276968929786
27950,28694.92969224757,744.9296922475696
28990,22517.57037806638,-6472.429621933621
10900,12460.310071428567,1560.3100714285665
21680,21356.404365981234,-323.59563401876585
30890,32027.072315476187,1137.0723154761872
27990,26313.7847281746,-1676.2152718254001
15900,18089.881611832614,2189.881611832614
18536,17912.158498229135,-623.8415017708649
13150,13654.920450396825,504.9204503968249
18498,18913.784252040343,415.78425204034284
10750,10081.03770328283,-668.9622967171708
21900,20335.074081349205,-1564.9259186507952
39650,30891.926675144317,-8758.073324855683
21950,23782.070560966815,1832.0705609668148
31670,27689.11430767762,-3980.8856923223793
20950,19382.24264484127,-1567.7573551587302
19800,20503.271329365074,703.271329365074
24995,27061.43071212121,2066.4307121212114
16270,17787.779878968257,1517.7798789682565
14990,14526.518254689754,-463.48174531024597
15499,15054.184162698404,-444.8158373015958
22162,20856.283001635285,-1305.7169983647145
8470,7259.1080930735925,-1210.8919069264075
18995,19050.356767457673,55.35676745767341
24950,25071.411118409145,121.41111840914527
30980,29583.069041666662,-1396.930958333338
35995,30149.4306388889,-5845.569361111098
21540,24627.638804473303,3087.638804473303
23976,24980.03120238096,1004.0312023809602
16990,16841.82720147908,-148.1727985209218
21030,22541.666851370857,1511.6668513708573
14900,13944.575455988457,-955.4245440115428
26980,27036.209932314778,56.20993231477769
18300,17835.1803262987,-464.8196737012986
19000,20207.475886904762,1207.4758869047619
25895,28426.000217391258,2531.000217391258
15450,19035.525083694083,3585.525083694083
11000,11236.134289321788,236.13428932178795
26836,28628.742241081014,1792.742241081014
27800,23579.187927353894,-4220.812072646106
27492,31255.3947768369,3763.3947768369
37921,31741.666396464654,-6179.333603535346
30766,26457.207353803893,-4308.792646196107
26988,26704.54485317461,-283.4551468253885
32550,28100.010643939404,-4449.989356060596
15800,15388.297499819619,-411.7025001803813
23685,23250.54819316794,-434.45180683206127
13900,14145.392698412703,245.39269841270288
27685,26954.00098084692,-730.9990191530815
15291,19161.0063234127,3870.006323412701
27450,30657.45271918767,3207.4527191876696
11999,10545.161442460316,-1453.8385575396842
25990,26188.707042792685,198.70704279268466
17980,18052.206551587296,72.20655158729642
25551,27649.498023809512,2098.4980238095122
8490,11470.276750000003,2980.2767500000027
26950,26565.365258524696,-384.6347414753036
18000,18339.42225977382,339.42225977381895
15800,15111.665416666672,-688.3345833333278
33998,34492.13886926963,494.1388692696273
23990,25015.683224177585,1025.6832241775846
30980,28120.334638347762,-2859.665361652238
19295,19707.517136515537,412.51713651553655
16550,17521.183465762002,971.183465762002
28780,27893.0985096926,-886.9014903073985
18999,27792.7725342713,8793.772534271298
25000,24264.009399766896,-735.9906002331045
24490,23217.628404119987,-1272.371595880013
14995,16523.714903089665,1528.7149030896653
22995,22988.474247819348,-6.525752180652489
27950,28912.892846241295,962.892846241295
22000,21511.185720328274,-488.81427967172567
33612,32885.61649456099,-726.3835054390074
8800,10547.577025793653,1747.5770257936529
25988,25871.501372294366,-116.49862770563414
16970,17056.81836741363,86.81836741363077
29995,28931.40610376376,-1063.5938962362416
24991,23723.970527867958,-1267.0294721320424
14998,15015.309418650791,17.309418650791486
20481,21462.935902963272,981.9359029632724
28450,36876.645446428556,8426.645446428556
32995,33251.92786900599,256.9278690059873
11740,11495.600934343436,-244.39906565656383
26750,26298.231801542406,-451.7681984575938
22500,22526.110585650462,26.11058565046187
33998,26446.696035714285,-7551.303964285715
23941,21686.82731746032,-2254.17268253968
30990,29410.11634559886,-1579.8836544011392
21480,22075.64221428571,595.6422142857118
13700,17458.08456150793,3758.0845615079306
25980,28141.879282871356,2161.879282871356
17144,16955.5848466811,-188.41515331889968
35564,38545.306158730156,2981.3061587301563
30150,26210.063482560337,-3939.9365174396626
34440,37024.00429166668,2584.004291666679
15000,17230.433792041284,2230.4337920412836
23499,22377.75805654761,-1121.2419434523908
19250,21428.6060698052,2178.606069805199
34990,37362.39606944445,2372.3960694444468
21990,22204.417176587303,214.4171765873034
16780,16474.317375000002,-305.68262499999764
17890,18299.205173664872,409.20517366487184
24970,24062.71125793652,-907.2887420634797
18280,17829.72709722222,-450.27290277777865
37995,31003.79309524016,-6991.206904759842
29550,30455.44320497835,905.44320497835
15888,13922.859498015874,-1965.1405019841259
15599,17300.116293831168,1701.1162938311682
12199,12212.311751984125,13.311751984125294
26899,26400.9646711336,-498.03532886640096
21856,22741.578705447322,885.5787054473221
25950,29628.014150135597,3678.0141501355974
25490,26556.553591858028,1066.553591858028
11499,11337.258160714287,-161.74183928571256
32780,28420.703467712843,-4359.296532287157
30570,30503.159609792983,-66.84039020701675
17500,19138.80982215159,1638.8098221515902
32837,31682.87095833335,-1154.1290416666488
9995,11055.566801226547,1060.5668012265469
24444,23739.35606349206,-704.6439365079386
26690,28704.54825028405,2014.5482502840496
17000,16922.466765845264,-77.53323415473642
28980,27257.662265873005,-1722.3377341269952
27980,27702.75906497505,-277.2409350249509
18998,18105.63044444444,-892.3695555555605
18700,17970.345033369405,-729.6549666305946
18797,19781.20201782865,984.2020178286512
28950,31178.98547402597,2228.985474025969
18990,19101.300294264613,111.3002942646126
26350,26503.474265873014,153.4742658730138
21999,21832.31232936508,-166.68767063492123
28990,29483.828015251813,493.82801525181276
23450,23636.7075247114,186.70752471140077
13490,14330.814249639247,840.8142496392466
15490,17037.28282647908,1547.2828264790805
13999,13869.732180194798,-129.26781980520173
15900,16405.932097582972,505.93209758297235
19100,18881.13713095239,-218.86286904761073
28790,27788.71886943133,-1001.28113056867
22480,25695.536247211116,3215.5362472111156
14300,16686.678978705117,2386.6789787051166
23980,25062.750465590423,1082.7504655904231
34990,30901.22964301948,-4088.77035698052
28998,27992.489564644537,-1005.5104353554634
28940,29623.939224275848,683.9392242758477
10495,10509.879306637808,14.879306637807531
23480,24406.003214646462,926.0032146464619
29000,28666.3008919561,-333.6991080439002
18148,18909.419028478653,761.4190284786528
34280,34177.987804434204,-102.01219556579599
28500,27349.396420634923,-1150.6035793650772
25980,23131.410194309497,-2848.5898056905025
18112,18107.077817371086,-4.922182628914015
27450,26923.067820234508,-526.932179765492
24491,26051.69818691574,1560.698186915739
11870,12605.730285173155,735.7302851731547
7500,11582.199101190476,4082.1991011904756
33940,34675.12633405483,735.1263340548321
25980,30637.042455680374,4657.042455680374
24480,28876.531511010035,4396.531511010035
21920,22720.348466269843,800.3484662698429
27280,25714.71363813144,-1565.2863618685587
30160,30965.876211385843,805.8762113858429
14000,15408.96884235209,1408.9688423520893
29998,31478.126867783358,1480.1268677833577
17595,19171.683296570867,1576.6832965708672
36771,34453.08478174604,-2317.915218253962
18899,18764.32397714741,-134.67602285258909
18199,19191.287837249016,992.2878372490159
23899,31882.520524891777,7983.520524891777
16698,17387.070107142852,689.0701071428521
22499,22606.262915673986,107.26291567398584
30995,31126.651379711788,131.65137971178774
18699,19752.027998015874,1053.027998015874
15995,16553.21370634921,558.2137063492082
27995,28430.68713134957,435.6871313495685
29960,23531.483307539682,-6428.516692460318
42650,27955.10130515435,-14694.898694845651
14400,15697.42151190477,1297.4215119047694
23980,24875.975050837995,895.9750508379948
27661,27723.75319686609,62.75319686609146
25000,24926.08180686027,-73.91819313972883
23295,23074.583032079296,-220.41696792070434
12111,12771.259818875571,660.259818875571
31991,25852.99604166668,-6138.00395833332
37995,35035.13057160895,-2959.8694283910518
28800,26657.021483405482,-2142.9785165945177
34490,34345.31821947496,-144.68178052503936
5990,7389.611949314572,1399.6119493145716
27003,32590.465449052866,5587.4654490528665
29250,31463.135642857153,2213.1356428571526
18800,19715.59422420635,915.5942242063502
19998,19233.98819269133,-764.0118073086705
16100,17915.745786616157,1815.7457866161567
17600,17823.551349206336,223.55134920633645
12999,11854.858382034632,-1144.141617965368
21898,19691.066642857146,-2206.933357142854
30490,31501.934251623366,1011.9342516233664
33993,34786.15780593787,793.1578059378735
31736,35009.05791774892,3273.05791774892
17390,20451.973906208597,3061.9739062085973
24700,25865.895422619036,1165.8954226190363
26480,28426.445227489123,1946.4452274891228
43740,36881.294051226556,-6858.705948773444
16998,19047.20674542526,2049.206745425261
6275,7121.556569444443,846.5565694444431
28450,26478.74965331891,-1971.2503466810886
26350,25501.492551587307,-848.5074484126926
14500,16064.267817821074,1564.2678178210735
33998,35375.18911813187,1377.1891181318715
13999,14910.286293650797,911.2862936507972
22898,22478.936968073584,-419.06303192641644
16998,15314.236242327122,-1683.7637576728775
30995,30649.336590909086,-345.6634090909138
29750,29113.3954281413,-636.6045718587011
25980,30156.705288927664,4176.705288927664
19494,20141.878282452184,647.8782824521841
5495,8086.722816891442,2591.7228168914417
11500,11411.389525793653,-88.61047420634713
23980,21214.6387682474,-2765.3612317525985
15998,17375.534530610224,1377.5345306102245
32495,34251.574354761906,1756.5743547619059
22980,24029.189486111118,1049.1894861111177
22795,22003.789885281385,-791.2101147186149
27440,28512.802766422188,1072.8027664221881
14995,15019.523204725832,24.52320472583233
22312,23804.32518978821,1492.325189788211
30331,28761.34662334004,-1569.6533766599605
27410,28257.20427768291,847.2042776829112
13991,13932.221625,-58.77837499999987
27890,27544.89989626614,-345.10010373386103
25590,25968.39636927505,378.39636927505126
14898,14165.207882936515,-732.7921170634854
14000,16085.398341269838,2085.398341269838
32450,28607.297267316026,-3842.7027326839743
14300,13894.82813257576,-405.1718674242402
21512,19568.903790553693,-1943.0962094463066
35450,33026.40177976191,-2423.598220238091
20995,18718.589305363756,-2276.4106946362444
29450,26467.704797200626,-2982.2952027993742
28000,29612.882516162666,1612.8825161626664
19880,21074.446477453104,1194.4464774531043
18995,19084.144963744588,89.14496374458759
11700,15837.355166666666,4137.355166666666
23980,24344.670291069993,364.67029106999325
15990,16065.177047979796,75.17704797979604
20999,20862.692868811333,-136.30713118866697
14490,15133.26341196304,643.2634119630402
19780,19222.371944624818,-557.6280553751822
17650,17103.106053571428,-546.8939464285722
29980,31991.686509469702,2011.6865094697023
15950,17402.11048513521,1452.1104851352102
14999,15968.704412337658,969.7044123376581
27915,28502.270002943886,587.2700029438856
26990,30335.142410894645,3345.142410894645
31995,31302.238642773904,-692.7613572260962
16444,17720.650074471923,1276.6500744719233
24490,29253.109116300355,4763.109116300355
15495,15757.018792027417,262.01879202741657
18761,19864.710563719178,1103.710563719178
35875,36857.27415349926,982.2741534992601
15490,12958.49143632756,-2531.50856367244
17541,16953.53137096438,-587.4686290356185
22600,22732.699414141414,132.6994141414143
15500,12318.085707611828,-3181.914292388172
27440,29882.548995262445,2442.548995262445
22950,20322.44090916026,-2627.559090839739
19875,20268.346045454542,393.34604545454204
20746,22125.357007395378,1379.3570073953779
28990,29685.087492808645,695.087492808645
34490,34069.42707575757,-420.5729242424277
18450,21106.13248412698,2656.1324841269816
19645,18360.859781609222,-1284.1402183907776
14490,15542.368810064934,1052.3688100649342
32980,35423.13072420634,2443.1307242063413
20995,19295.459223323556,-1699.5407766764438
10985,12054.469932539685,1069.469932539685
24494,23611.766932539686,-882.2330674603145
17240,17381.227156024528,141.22715602452809
38350,31258.540579915712,-7091.459420084288
28000,28152.93362229437,152.93362229437116
26350,26516.84526587302,166.84526587302025
20799,17520.918040562756,-3278.081959437244
32760,32152.519151276614,-607.4808487233859
28000,27911.06021054555,-88.93978945444906
21480,26378.328052669545,4898.328052669545
26995,28187.183914704066,1192.1839147040664
36840,34423.895765873014,-2416.104234126986
25995,26676.399947595302,681.3999475953024
34985,26916.985672619045,-8068.014327380955
24980,27265.628750497854,2285.6287504978536
15495,13816.664428751807,-1678.3355712481934
19991,18871.624178732927,-1119.3758212670728
18450,21450.608772817464,3000.6087728174643
28170,26386.60683382439,-1783.3931661756105
28988,27731.44962942614,-1256.5503705738593
28413,29489.748231876147,1076.7482318761467
17495,17323.629640890256,-171.37035910974373
34450,34068.82457738095,-381.1754226190533
35995,37024.00429166668,1029.004291666679
6490,7418.920448232328,928.9204482323285
27555,26529.44531464302,-1025.5546853569795
31490,30050.096212301574,-1439.9037876984257
19500,21802.33815238069,2302.3381523806893
14400,14958.657934523804,558.6579345238042
12300,12677.018706349209,377.0187063492085
24998,25348.114017857137,350.1140178571368
23298,23182.235626984122,-115.76437301587794
16247,17554.69907668922,1307.6990766892195
24499,20278.857367063487,-4220.142632936513
18995,20520.597629064272,1525.597629064272
26995,26488.53382808857,-506.46617191143014
26550,27563.754016725747,1013.7540167257466
15994,17120.130381260075,1126.1303812600745
19998,22021.06648214286,2023.0664821428618
9975,10243.322505952383,268.3225059523829
16700,17670.040705808075,970.0407058080746
27990,27094.764777201795,-895.2352227982046
17000,16107.1004817821,-892.8995182179005
15499,16076.477498809521,577.4774988095214
28110,26899.745357142863,-1210.2546428571368
34991,34024.61237968977,-966.3876203102336
19498,19525.15285119048,27.15285119047985
20999,23052.92078535354,2053.920785353541
27990,28022.418173536793,32.41817353679289
19980,23784.020359126982,3804.020359126982
29990,27908.27718914788,-2081.7228108521194
24450,26285.921943774716,1835.921943774716
18298,17180.97934848485,-1117.0206515151513
26998,26769.961373557006,-228.03862644299443
19000,20886.800877561032,1886.8008775610324
5995,9079.33420436508,3084.334204365079
26490,28455.89831132758,1965.898311327579
28990,28754.74766478232,-235.2523352176795
19490,20436.635109487735,946.6351094877355
18000,18369.644941785074,369.6449417850745
22260,22596.55067352092,336.5506735209201
18999,18101.513131089785,-897.486868910215
34000,34858.959376984116,858.9593769841158
15099,14754.794462301592,-344.2055376984081
23991,23149.74028550253,-841.2597144974716
27781,21896.705365079357,-5884.294634920643
26480,28500.825053968056,2020.8250539680557
20387,19628.551761098373,-758.4482389016266
24498,23329.82402525254,-1168.1759747474607
12795,14837.577085941834,2042.5770859418335
14860,15583.45059722222,723.4505972222196
24975,25530.898938492068,555.8989384920678
17995,17940.026964285713,-54.97303571428711
31498,31956.210739697814,458.21073969781355
14998,16423.978642676764,1425.9786426767641
25980,27559.934165057162,1579.9341650571623
28993,28521.370120851367,-471.62987914863334
21980,21776.957456044885,-203.04254395511452
16990,16376.620315476195,-613.3796845238048
20980,21689.288720238088,709.288720238088
24450,27075.117471587644,2625.117471587644
27990,26213.111770790205,-1776.888229209795
19000,19686.305862193356,686.305862193356
34440,35274.97905753968,834.9790575396764
33991,32416.436665764788,-1574.563334235212
17998,17417.760705280827,-580.2392947191729
29882,25321.405944533766,-4560.594055466234
26380,26467.463593253964,87.46359325396406
31310,28570.252515938428,-2739.7474840615723
14799,13380.268787698407,-1418.7312123015927
24850,32497.580111493888,7647.580111493888
17880,17916.430799740032,36.430799740031944
30240,30568.220469322343,328.220469322343
10850,10994.150974206346,144.1509742063463
14800,15899.542516233767,1099.542516233767
28950,26356.377153345846,-2593.6228466541543
38020,38525.96986507938,505.9698650793798
14999,15897.640460678216,898.6404606782162
17795,17241.016265639588,-553.9837343604122
21490,21033.21303023697,-456.78696976303036
22292,22190.96880952381,-101.03119047619111
26190,23436.88317442281,-2753.116825577192
13350,14260.41871094183,910.4187109418308
12700,15314.06183802308,2614.061838023081
17285,16734.034303571425,-550.965696428575
31016,30824.105400396827,-191.89459960317254
25990,27862.040362803284,1872.0403628032836
17985,21896.33703373016,3911.3370337301603
9690,9956.07988185426,266.07988185426075
23920,23660.314648809526,-259.68535119047374
18495,19337.562794633188,842.5627946331879
35000,35305.24196825397,305.2419682539694
35900,35427.05741269841,-472.94258730159345
22291,22190.96880952381,-100.03119047619111
18999,23757.55513940657,4758.55513940657
17990,18060.834986055605,70.83498605560453
24680,27235.885307539684,2555.8853075396837
30850,33681.169470779205,2831.169470779205
18500,18337.863050141626,-162.13694985837355
31450,30781.410966980453,-668.5890330195471
34526,38375.280545634916,3849.280545634916
15500,16487.31668235931,987.3166823593092
14691,15773.411018398267,1082.4110183982666
20940,21341.010836363585,401.01083636358453
26482,25478.91449206349,-1003.0855079365101
21875,19389.023717352095,-2485.9762826479055
19498,18909.144619879655,-588.8553801203452
27995,27137.03493253968,-857.9650674603217
14950,12608.284248015867,-2341.715751984133
28995,27640.230295922876,-1354.7697040771236
17499,17576.94541701354,77.94541701353955
19495,19410.804531204907,-84.19546879509289
32990,33385.18719716803,395.18719716803025
15199,17305.952761544006,2106.9527615440056
15998,17689.385031464946,1691.3850314649462
25780,26296.221893983166,516.2218939831655
14995,15191.232224747473,196.23222474747308
26350,26575.242503968257,225.24250396825664
22480,22083.457164502153,-396.5428354978467
14595,16717.312300495872,2122.3123004958725
12999,13739.08769173882,740.0876917388196
28150,29398.0191150126,1248.019115012601
18498,19291.321422619054,793.3214226190539
14000,15200.799352272723,1200.799352272723
27860,26706.228125,-1153.7718749999985
32490,35112.34264989177,2622.342649891769
26500,22543.840801587306,-3956.1591984126935
31993,30739.032311553638,-1253.9676884463624
17999,17163.474193722945,-835.5258062770554
31980,33174.86643055553,1194.8664305555285
26830,24324.030349206347,-2505.9696507936533
9995,8659.385062229438,-1335.6149377705624
30000,32077.373148809525,2077.3731488095254
24995,23462.81857305195,-1532.1814269480492
27000,28941.57617225829,1941.5761722582902
15875,14401.000225288604,-1473.9997747113957
13999,15832.811730158726,1833.8117301587263
17800,19443.83869444444,1643.8386944444392
15916,14053.539492063492,-1862.4605079365083
17000,17382.04255357143,382.0425535714312
22998,21183.312596252057,-1814.6874037479429
17200,17889.546092389362,689.5460923893625
18300,17917.442895757016,-382.55710424298377
16485,16239.429551899191,-245.5704481008088
19990,22886.812408369402,2896.812408369402
30990,32087.366054473296,1097.3660544732957
14600,16403.250823593073,1803.2508235930727
7475,9107.601807539682,1632.6018075396823
19495,18953.462661329384,-541.537338670616
5475,8758.379447871574,3283.3794478715736
32000,34771.115996031745,2771.1159960317455
30180,29910.107416642844,-269.8925833571557
14951,15469.09956259019,518.0995625901905
18500,19631.484202296535,1131.484202296535
21000,24442.49250541125,3442.49250541125
17397,17589.0563426704,192.05634267039932
23462,23589.825138888893,127.82513888889298
18300,18995.039972793016,695.0399727930162
21995,25027.50498809523,3032.5049880952283
29999,27552.990142995088,-2446.009857004912
27440,27621.683911424236,181.6839114242357
19000,18862.475085747585,-137.52491425241533
28450,31702.669974386714,3252.669974386714
16990,15363.009357323232,-1626.9906426767684
23990,32469.46304438291,8479.463044382908
27197,28844.72738415804,1647.727384158039
30000,23217.719657828286,-6782.280342171714
25460,23143.381918650797,-2316.618081349203
26950,25464.003480353636,-1485.9965196463636
25980,27829.072351190465,1849.0723511904653
32850,31636.48591702743,-1213.5140829725715
14999,15144.894479256853,145.89447925685272
27990,28788.873621031747,798.8736210317475
30000,28666.57752399226,-1333.4224760077414
27450,24895.32461051668,-2554.67538948332
18642,17899.15661472599,-742.843385274009
16333,17634.295589773785,1301.2955897737847
15940,15485.699505827874,-454.3004941721265
17990,18885.810356957485,895.810356957485
16950,18293.696121031746,1343.6961210317459
18995,17690.57069941233,-1304.4293005876716
24980,25697.74125631313,717.7412563131293
20732,21142.572702373942,410.57270237394187
16900,19218.916945707075,2318.916945707075
17990,18487.710954228347,497.71095422834696
17572,17402.345553571427,-169.65444642857256
23850,29241.230428932166,5391.2304289321655
28836,31052.089878443796,2216.089878443796
21775,21122.430622835498,-652.5693771645019
17498,16882.989643630568,-615.010356369432
21895,22534.55417207793,639.5541720779293
27195,28744.718959118825,1549.7189591188253
16195,13473.438880952384,-2721.5611190476156
27770,25160.91891377765,-2609.0810862223516
16891,16870.349420634928,-20.65057936507219
16000,16761.3911031746,761.3911031745993
24543,27770.239241735777,3227.239241735777
15950,17032.25897058823,1082.258970588231
12500,12294.472136904758,-205.52786309524163
26350,27321.63881547619,971.6388154761917
15500,14608.628616883114,-891.3713831168861
18000,19387.97100740925,1387.971007409251
15995,16221.568215201461,226.5682152014615
17701,15696.429753017517,-2004.5702469824828
13500,14006.885007215002,506.8850072150017
26400,27550.055867266143,1150.0558672661427
23950,24992.995426587295,1042.9954265872948
34990,38289.52047023809,3299.520470238087
15500,12958.319021825397,-2541.6809781746033
23150,23350.997551226552,200.99755122655188
17998,17929.69253907126,-68.3074609287396
25890,25977.97227777777,87.97227777777152
17190,17433.027563980137,243.02756398013662
10950,11236.211204365087,286.2112043650868
20722,20445.54352380152,-276.45647619848023
25444,29441.801382936515,3997.8013829365154
27806,28845.541260045407,1039.5412600454074
19498,20472.54670629867,974.5467062986718
34791,29442.782957086794,-5348.217042913206
31440,31073.84813908359,-366.1518609164086
21300,20552.485891373653,-747.5141086263466
17380,17600.81972817461,220.81972817461065
28980,34343.417405357126,5363.417405357126
25950,25084.65239767917,-865.3476023208314
20999,26001.794624639257,5002.794624639257
34370,34177.987804434204,-192.012195565796
14500,15092.36276984127,592.3627698412693
27380,26914.074265872994,-465.92573412700585
20995,26349.929984126986,5354.929984126986
25020,26702.343346702422,1682.3433467024224
18000,18380.80015927129,380.8001592712899
13750,14832.452084956714,1082.4520849567143
22900,22418.187900600766,-481.8120993992343
19490,21110.654628246743,1620.6546282467425
9998,11182.088075396821,1184.0880753968213
29995,32470.166025321265,2475.166025321265
37990,35054.33403373015,-2935.665966269851
29998,26640.906345057723,-3357.0936549422768
24480,27971.321719731783,3491.3217197317827
18998,18297.626157453655,-700.3738425463453
19600,18364.189651600427,-1235.8103483995728
31000,33652.83486298469,2652.834862984688
28494,24802.37192307691,-3691.6280769230907
28348,30054.865173042665,1706.8651730426645
23985,26902.02778805917,2917.027788059171
5999,8739.852967893217,2740.8529678932173
11995,10404.88429365079,-1590.11570634921
30969,30848.04785858584,-120.95214141416
19500,18899.39397420635,-600.6060257936515
17950,20052.61028092904,2102.6102809290387
10170,10531.97471626984,361.9747162698404
15552,15522.338155073796,-29.66184492620414
13300,14654.944378149632,1354.944378149632
18995,19576.222710136342,581.2227101363424
14200,14851.265507936509,651.2655079365086
31723,26595.326247774934,-5127.673752225066
31450,34385.59550559163,2935.5955055916274
26990,30432.46985476191,3442.469854761908
27995,30264.2179967615,2269.217996761501
29950,28854.879050094347,-1095.120949905653
7475,6627.26226984127,-847.7377301587303
17995,15765.632080280837,-2229.367919719163
19981,20243.145952961775,262.14595296177504
26890,26700.020584415575,-189.97941558442471
17997,18472.098774897586,475.0987748975858
19850,19710.449089104604,-139.55091089539565
31990,30590.112858405475,-1399.887141594525
26500,27498.75809559884,998.7580955988415
32990,29234.943071969697,-3755.0569280303025
25990,32140.644960822494,6150.644960822494
19300,18604.93986852442,-695.0601314755804
26950,26214.741630952372,-735.2583690476276
22430,23048.187988095237,618.1879880952365
30789,28202.245473436626,-2586.7545265633744
14795,14047.27376533188,-747.72623466812
24980,24277.920535714282,-702.0794642857181
21892,20292.98690277777,-1599.0130972222287
28450,28880.34892662751,430.3489266275101
31990,31801.972944444446,-188.0270555555544
10990,9996.551246031748,-993.4487539682523
16600,17863.595991161626,1263.5959911616264
31999,30202.465537197273,-1796.534462802727
21400,22619.552906746034,1219.5529067460338
26995,23496.248272186145,-3498.751727813855
25775,27220.831921356417,1445.8319213564173
10500,9160.896065836945,-1339.1039341630549
8990,10481.493622655122,1491.4936226551217
26980,29376.229072735474,2396.229072735474
21945,21626.049244949496,-318.9507550505041
18471,19780.74154008993,1309.74154008993
26450,25734.268605619785,-715.7313943802146
29888,27241.943965237522,-2646.056034762478
34995,34162.110786277444,-832.8892137225557
25980,27487.721885598065,1507.7218855980645
26790,26466.22628968254,-323.7737103174586
18480,20570.65183460407,2090.6518346040684
23246,22591.897839285728,-654.102160714272
32403,32531.48397237419,128.48397237418976
17490,17750.053817460313,260.05381746031344
16550,18339.51842994636,1789.5184299463617
5995,7945.925045093796,1950.9250450937961
27700,26752.228839948577,-947.7711600514231
18489,18210.511420109015,-278.4885798909854
19381,21507.166099245613,2126.1660992456127
28450,30838.17046825397,2388.170468253971
15482,16056.975614790768,574.9756147907683
14799,15633.144867063493,834.1448670634927
17980,16460.934162157286,-1519.0658378427142
19520,22544.01890981241,3024.01890981241
16995,15245.841680916303,-1749.1583190836973
21900,23458.23721825397,1558.2372182539693
36990,32931.81129019592,-4058.1887098040825
10999,11836.39131385281,837.3913138528096
28000,26459.724598733927,-1540.2754012660735
29998,28608.242822222222,-1389.7571777777775
16700,15247.051137987017,-1452.9488620129832
17160,16849.175976419752,-310.82402358024774
38995,34419.07870465652,-4575.9212953434835
31995,28698.11780916306,-3296.882190836939
25898,26552.916470013177,654.9164700131769
26990,29566.531576388887,2576.5315763888866
20295,20740.893111471858,445.893111471858
17491,15830.973522536287,-1660.0264774637126
14995,18222.33292658731,3227.332926587311
26450,25315.373228444303,-1134.626771555697
38989,33272.15726875901,-5716.842731240991
21450,22929.300071428566,1479.3000714285663
24775,24687.662713744594,-87.33728625540607
12750,13683.271898809528,933.2718988095276
24000,27790.52308008659,3790.52308008659
15991,17855.55756800144,1864.5575680014408
31980,32703.093219391005,723.0932193910048
27995,28131.23796029177,136.23796029177174
13995,15485.702170634924,1490.7021706349242
34990,33619.7083553391,-1370.2916446609015
18800,18036.558552860934,-763.4414471390664
25850,32890.36566269842,7040.365662698423
29999,26028.56522817462,-3970.434771825381
18759,21871.770908730155,3112.7709087301555
20000,18601.02634755449,-1398.973652445511
24500,22839.516420634915,-1660.4835793650855
30995,28513.214216269833,-2481.785783730167
7995,8198.401870462869,203.40187046286883
21590,21532.81920292208,-57.180797077919124
32060,29727.11418984832,-2332.8858101516817
21500,23288.04096393656,1788.0409639365607
21995,24653.38849969474,2658.3884996947418
30980,30382.66576304322,-597.3342369567799
12499,13049.159124458867,550.1591244588672
16500,16380.656230699855,-119.34376930014514
26790,25501.492551587307,-1288.5074484126926
32302,33174.86643055553,872.8664305555285
25995,29506.994861457766,3511.994861457766
22995,18997.697127164505,-3997.302872835495
29998,29827.864835539745,-170.1351644602546
17995,15773.776773809519,-2221.223226190481
18995,19591.67820946251,596.6782094625087
19850,16937.664042388165,-2912.3359576118346
17595,19835.822203480642,2240.822203480642
19480,20729.090823412702,1249.0908234127019
30850,30314.30407829669,-535.6959217033109
14700,15990.950165043289,1290.9501650432885
18000,19171.10967151115,1171.109671511149
28640,24802.6046547619,-3837.3953452380993
16799,16626.502293470417,-172.4977065295825
34000,32890.66331475469,-1109.336685245311
25480,28322.110142222857,2842.1101422228567
28980,30076.299380411245,1096.2993804112448
30495,33671.57189862914,3176.5718986291395
20450,24468.948990079363,4018.9489900793633
25888,25376.180183325167,-511.8198166748334
21300,21090.754825966353,-209.24517403364734
13998,15094.045402777781,1096.0454027777814
30522,30181.021486568996,-340.9785134310041
32087,26014.774970238086,-6072.225029761914
33990,36241.17787896825,2251.1778789682503
29480,29783.361453419853,303.3614534198532
16995,16502.612589285716,-492.38741071428376
17000,15349.445841269837,-1650.5541587301632
10298,10169.759654914531,-128.24034508546902
10991,11914.844996031747,923.8449960317466
31875,32635.220178571435,760.2201785714351
34989,33325.8210808369,-1663.1789191631033
30000,26178.935587439522,-3821.0644125604776
10990,11512.11770833333,522.1177083333296
31895,31224.957418470414,-670.0425815295857
25998,26016.196134740258,18.19613474025755
25250,24870.630731421355,-379.36926857864455
34890,32677.569594066972,-2212.430405933028
16480,16495.66561309524,15.665613095239678
22690,25256.059458333333,2566.059458333333
14498,14280.015734126984,-217.98426587301583
16741,15906.841775288422,-834.1582247115784
19998,20171.393812049067,173.3938120490675
18500,20228.558677846144,1728.5586778461438
26998,26828.92399512987,-169.07600487013042
26000,28610.856905659733,2610.8569056597335
26580,24023.260735588967,-2556.739264411033
30680,33305.611838750716,2625.611838750716
19490,20487.558925823934,997.5589258239343
24475,21857.007041110002,-2617.9929588899977
38750,38500.47628998779,-249.52371001221036
18300,18702.640255901308,402.6402559013077
16499,17279.610126984135,780.6101269841347
19998,21978.00336273449,1980.0033627344892
25916,26316.625790199436,400.62579019943587
17250,17303.19347023809,53.1934702380895
20950,22010.646126262625,1060.6461262626253
30266,32193.845172267807,1927.8451722678074
18010,16581.683309884556,-1428.3166901154436
14498,16399.273477272727,1901.2734772727272
17000,17110.615253968255,110.61525396825527
14522,12321.087402417024,-2200.9125975829756
27000,30223.79380154023,3223.7938015402287
33999,25877.607573412697,-8121.392426587303
27280,26836.51141234995,-443.48858765004843
30902,26021.947508658013,-4880.052491341987
13490,13944.731079365078,454.7310793650777
23498,27412.116671651696,3914.1166716516964
22950,21117.095168650787,-1832.904831349213
23980,24279.418138292207,299.418138292207
36995,33958.31178643578,-3036.6882135642227
23980,22908.272828823952,-1071.7271711760477
25980,25129.415115079366,-850.5848849206341
19798,19958.464574394533,160.46457439453297
34950,36081.07322294372,1131.0732229437199
13300,15195.51539087302,1895.5153908730208
27990,27092.004614444788,-897.9953855552121
17141,18706.963537650503,1565.963537650503
24450,21722.07847420635,-2727.9215257936485
26698,30331.56457341271,3633.56457341271
16600,13917.411233766232,-2682.588766233768
14959,15082.461664141414,123.46166414141408
28495,29231.382089303468,736.3820893034681
28888,26401.73622560691,-2486.26377439309
11400,8319.57692334055,-3080.42307665945
22766,24669.74812409091,1903.748124090911
24995,29138.054859338474,4143.054859338474
17500,16833.509923881673,-666.4900761183271
17300,16139.714174603178,-1160.2858253968225
22990,23033.79191774892,43.79191774892024
8990,8830.594038780664,-159.40596121933595
23975,25636.508424603184,1661.5084246031838
23685,23850.663186147183,165.6631861471833
35250,27856.77039087301,-7393.229609126989
8790,10239.156466269842,1449.156466269842
32940,33505.78221382783,565.782213827828
39225,28125.18736165222,-11099.81263834778
19995,24253.006674603177,4258.006674603177
19988,17859.023267135643,-2128.9767328643575
11995,11631.13219047619,-363.86780952381014
23250,22729.588500517657,-520.4114994823431
28990,28717.255915313854,-272.7440846861464
22500,21036.62064262195,-1463.3793573780495
22600,23487.206892316033,887.2068923160332
23082,21538.847455541443,-1543.1525444585568
26450,25458.57436093074,-991.4256390692608
20500,22187.642984848484,1687.642984848484
16950,17975.647107094523,1025.6471070945227
31970,33224.94235912699,1254.9423591269879
14230,13027.494347222224,-1202.505652777776
11500,11726.946709595955,226.94670959595533
34990,30055.342797694888,-4934.657202305112
37480,34123.020266594525,-3356.9797334054747
27995,28810.405719877333,815.4057198773335
28500,26625.152377998387,-1874.8476220016128
23990,24150.33999314572,160.33999314572065
29920,28321.941578850197,-1598.0584211498026
33470,32370.40802950089,-1099.5919704991102
29993,34493.73166299131,4500.731662991311
23780,24376.008988275604,596.0089882756038
23990,23195.358006854258,-794.6419931457422
34980,33731.3758670635,-1248.6241329365002
26480,27001.190509418826,521.190509418826
25990,25503.76055985841,-486.23944014159133
20090,20848.758980158727,758.7589801587274
13990,13641.15000667389,-348.84999332611005
18490,18074.456540701696,-415.5434592983038
29485,28398.40864355698,-1086.5913564430193
13995,15074.61441901154,1079.6144190115392
27290,28638.17633603445,1348.1763360344485
14495,16388.049033369407,1893.049033369407
18661,17896.78815094627,-764.2118490537287
16775,16287.176224206341,-487.82377579365857
23990,27691.47077503052,3701.4707750305206
14200,14639.376523809524,439.37652380952386
20140,21247.507522666507,1107.5075226665067
21498,20474.80111921402,-1023.1988807859816
25000,27026.54458931982,2026.5445893198194
20750,22270.934192766537,1520.9341927665373
23990,24719.93293793707,729.9329379370683
12950,13131.079906746032,181.07990674603207
23975,24031.427281024535,56.42728102453475
22998,22412.9973888889,-585.0026111111001
16491,17607.221733528604,1116.221733528604
27950,28946.362953643576,996.3629536435765
26480,28602.070466269855,2122.0704662698554
23980,26594.06979996392,2614.0697999639196
18675,17386.51962518037,-1288.4803748196282
22490,22247.710413961042,-242.28958603895808
10999,11749.512264249639,750.512264249639
18998,17774.42363522246,-1223.5763647775384
31551,33996.38104329005,2445.38104329005
28950,36743.37611499208,7793.376114992083
28000,28658.31473214286,658.3147321428587
22480,19920.248856136892,-2559.751143863108
9999,11209.606049603179,1210.6060496031787
23032,20455.724561268566,-2576.2754387314344
25000,29341.95570678841,4341.955706788409
18000,18143.270495129873,143.27049512987287
31791,30154.098686220645,-1636.9013137793554
28995,23123.08313510101,-5871.916864898991
20995,18052.987751984117,-2942.0122480158825
17500,18891.640210227928,1391.640210227928
17950,18122.850606073058,172.85060607305786
22495,22774.28996825398,279.28996825397917
29888,28471.68770075757,-1416.3122992424287
17800,18761.099905680654,961.099905680654
22491,21488.288081588726,-1002.7119184112744
19850,21364.232652777788,1514.2326527777877
24908,24148.56173214285,-759.4382678571492
22990,25122.97944444444,2132.9794444444415
14200,14050.856952200578,-149.14304779942177
20489,20300.814384649082,-188.18561535091794
28898,29760.098402195894,862.0984021958939
18860,19201.122918650795,341.1229186507953
22395,21750.675156678542,-644.3248433214576
28888,28441.52172388915,-446.47827611085086
21690,20738.909968311906,-951.0900316880943
19980,20581.833026960794,601.8330269607941
19370,19290.289768217885,-79.71023178211544
18101,18130.669854573418,29.66985457341798
34000,30462.740755952374,-3537.2592440476255
16460,18064.289817460325,1604.2898174603251
16220,16789.191339285717,569.1913392857168
16450,15840.486976984123,-609.5130230158775
31000,30885.777123392956,-114.22287660704387
12791,11688.477909271283,-1102.5220907287166
21200,21271.77381403319,71.77381403318941
22995,21756.66841442978,-1238.3315855702203
14990,17306.116136599514,2316.116136599514
24495,22420.337590909083,-2074.662409090917
25950,27743.67267365216,1793.6726736521596
19498,19833.566226190476,335.5662261904763
18700,21868.32643452381,3168.3264345238094
21756,22206.262162761624,450.2621627616245
36000,34447.67264682539,-1552.327353174609
16995,18772.51125559163,1777.5112555916312
25000,25981.419190476194,981.4191904761938
31980,34610.32831511544,2630.328315115439
28495,30654.358908424907,2159.358908424907
26280,26931.911632999443,651.9116329994431
27750,29852.542831924395,2102.5428319243947
19875,22340.48958910533,2465.489589105331
33994,33794.532548319105,-199.46745168089546
15998,17646.729552158125,1648.7295521581254
16498,16665.55909135648,167.55909135648108
15998,14882.739926587292,-1115.2600734127082
15800,14446.29466269841,-1353.7053373015897
29898,25331.66922279436,-4566.33077720564
20450,21438.103289682535,988.1032896825345
30960,35262.10172619046,4302.1017261904635
32060,27228.379159265984,-4831.620840734016
31450,29357.70070984678,-2092.2992901532198
24950,25236.44087120495,286.4408712049517
19500,19399.126357142857,-100.87364285714284
20990,19343.586687746836,-1646.413312253164
28226,27350.563171561487,-875.4368284385127
20896,21437.739971028972,541.7399710289719
26499,26522.961013636246,23.961013636246207
20380,20017.765823412698,-362.2341765873025
17994,18087.401233585853,93.40123358585333
20760,27160.74219047321,6400.742190473211
11128,11465.444104978356,337.44410497835634
23480,26380.490889250865,2900.4908892508647
21582,21429.15795436508,-152.8420456349195
28790,27651.909931109938,-1138.090068890062
22950,23413.510561507937,463.5105615079374
21491,21837.94918344156,346.9491834415603
23950,24504.215315476187,554.2153154761872
19895,18950.914047893366,-944.0859521066341
23980,24972.900271145987,992.9002711459871
34900,32249.571193828895,-2650.428806171105
19498,19490.756178571424,-7.243821428575757
16498,16947.842260225614,449.84226022561415
22998,22503.71386507938,-494.2861349206214
19798,19347.985430735935,-450.01456926406536
20000,20799.067442821077,799.0674428210768
19559,18731.299186147182,-827.7008138528181
20910,20466.683206298672,-443.3167937013277
28444,28663.40127273192,219.40127273192047
23500,23575.02961399711,75.02961399711057
29895,30749.135421493444,854.1354214934436
23450,21390.28056953463,-2059.7194304653713
15127,17417.984611869117,2290.9846118691166
23750,24355.102474664218,605.1024746642179
17995,17809.57182381508,-185.42817618491972
19990,21100.19851911976,1110.19851911976
20800,21483.400254960317,683.4002549603174
19998,20844.319301406922,846.319301406922
26650,26484.22400396826,-165.77599603174167
13999,12801.500069444439,-1197.4999305555611
17990,16947.884511363638,-1042.115488636362
26980,33156.870868697464,6176.870868697464
24470,23183.222297258304,-1286.777702741696
14995,14623.034921717173,-371.96507828282665
27888,26621.81656021465,-1266.183439785349
20330,20493.713246212123,163.7132462121226
24300,24001.282876984118,-298.71712301588195
27995,27415.31778174602,-579.68221825398
26390,25877.29786527464,-512.7021347253612
19999,20213.1456585213,214.1456585213018
36999,35911.94583531748,-1087.0541646825222
21498,22115.754010091772,617.7540100917722
29999,30836.603526875908,837.6035268759078
23230,21796.032273809513,-1433.9677261904872
17998,18416.06674512987,418.06674512986865
19490,18348.740177505082,-1141.259822494918
20990,20559.666906475282,-430.3330935247177
24662,22011.583368728418,-2650.4166312715824
17367,17306.221624416437,-60.77837558356259
26480,23989.32556944444,-2490.6744305555585
20498,19776.23447987844,-721.7655201215603
9995,9366.513505952382,-628.4864940476182
33980,33396.18509722221,-583.8149027777908
26000,24953.36120660691,-1046.6387933930891
9549,10258.793879329003,709.7938793290032
16250,14645.263769841264,-1604.7362301587364
29754,27690.891417614654,-2063.1085823853464
25450,26109.229323624084,659.2293236240839
27876,26693.482865217302,-1182.5171347826981
